,model,CHI,ZIPF,CLASSIFIER,IRPR,FID,PR,DC,MAUVE,TRADITIONAL,ZERO,weighted_CHI,rank_CHI,weight_CHI,weighted_ZIPF,rank_ZIPF,weight_ZIPF,weighted_CLASSIFIER,rank_CLASSIFIER,weight_CLASSIFIER,weighted_IRPR,rank_IRPR,weight_IRPR,weighted_FID,rank_FID,weight_FID,weighted_PR,rank_PR,weight_PR,weighted_DC,rank_DC,weight_DC,weighted_MAUVE,rank_MAUVE,weight_MAUVE,weighted_TRADITIONAL,rank_TRADITIONAL,weight_TRADITIONAL,weighted_ZERO,rank_ZERO,weight_ZERO,final_score,dataset
0,LDA,0.9436302826347585,0.1225542239558332,0.888888888888889,0.4129862,1.0123987889609416,0.349915275497871,0.1035681859704688,0.7134253319704502,0.3748355070233987,0.270909908612076,0.0,10,0.0,0.014651345435891841,4,0.1195499017738628,0.0797591752267025,8,0.0897290721300403,0.044055863375902525,7,0.10667635716617777,0.0732996437853406,9,0.07240194732015676,0.0441296434851879,2,0.12611522438509948,0.01174478939616659,6,0.11340151694377917,0.08937320213197542,3,0.12527337918479914,0.04453405910106919,5,0.1188096065250542,0.03468811595765439,1,0.1280429945710304,0.43623583789589093,yahoo
1,MATAVE,0.9916591416622368,0.2222754533395533,0.9629629629629628,0.41615453,1.028471559390039,0.3760424812551264,0.0960352321375566,0.7720337028482427,0.5622285013442073,0.2952354808294654,0.0,10,0.0,0.02657300861348442,4,0.1195499017738628,0.08640577316226102,8,0.0897290721300403,0.04439384927860284,7,0.10667635716617777,0.07446334366323708,9,0.07240194732015676,0.04742468190181983,2,0.12611522438509948,0.010890541004446891,6,0.11340151694377917,0.09671527080035244,3,0.12527337918479914,0.06679814702187618,5,0.1188096065250542,0.03780283506902279,1,0.1280429945710304,0.49146745051510354,yahoo
2,combinedTopicModel,0.9995371786093882,0.1584000929497386,0.8745581903476639,0.41493496,0.991504232304708,0.2144041549568855,0.1046346062768323,0.7201643701891518,0.4048740761487834,0.2529053812920595,0.0,10,0.0,0.018936715553111987,4,0.1195499017738628,0.07847329494362305,8,0.0897290721300403,0.04426374999369369,7,0.10667635716617777,0.07178683719503794,9,0.07240194732015676,0.027039628111485255,2,0.12611522438509948,0.01186572307660786,6,0.11340151694377917,0.09021742422208767,3,0.12527337918479914,0.04810292967943179,5,0.1188096065250542,0.03238276236376355,1,0.1280429945710304,0.4230690651388428,yahoo
3,realToReal,1.0,0.0050357120779551,0.4168542839274546,0.40337232,0.8800477742623056,0.0100163320709286,0.0295562881405176,0.0392457071960566,0.14831942747665,0.1000807242335364,0.0,10,0.0,0.0006020188842809867,4,0.1195499017738628,0.03740394811024288,8,0.0897290721300403,0.04303028967926975,7,0.10667635716617777,0.06371717259136066,9,0.07240194732015676,0.0012632119666408286,2,0.12611522438509948,0.003351727910362126,6,0.11340151694377917,0.004916442358947198,3,0.12527337918479914,0.0176217728185221,5,0.1188096065250542,0.012814635629699492,1,0.1280429945710304,0.184721219949326,yahoo
4,realToReal2,1.0,0.0079921925757166,0.5934955692501461,0.4019868,0.8658975216820374,0.0083750435639684,0.0126964707535101,0.0494148242393209,0.1550887996858919,0.1012929789182655,0.0,10,0.0,0.000955465837384715,4,0.1195499017738628,0.05325380674210569,8,0.0897290721300403,0.04288248745288887,7,0.10667635716617777,0.06269266674947717,9,0.07240194732015676,0.001056220498304858,2,0.12611522438509948,0.0014397990432803722,6,0.11340151694377917,0.006190362014282651,3,0.12527337918479914,0.018426039267123766,5,0.1188096065250542,0.012969856349714967,1,0.1280429945710304,0.19986670395456307,yahoo
5,realToReal3,1.0,0.0100830946696947,0.3737451737451738,0.40162694,0.8681949597735444,0.0116916273677764,0.0141829212168468,0.0397743232201874,0.1772537192730555,0.1017343380698629,0.0,10,0.0,0.0012054329773385608,4,0.1195499017738628,0.03353580765323515,8,0.0897290721300403,0.042844098898999046,7,0.10667635716617777,0.06285900574114978,9,0.07240194732015676,0.0014744922089140907,2,0.12611522438509948,0.0016083647806845376,6,0.11340151694377917,0.004982663874581298,3,0.12527337918479914,0.02105944464193414,5,0.1188096065250542,0.013026369297166827,1,0.1280429945710304,0.18259568007400345,yahoo
6,LDA,2.7762977102459746e-13,0.1313997573367958,0.903988603988604,0.31081367,0.6151701726232606,0.3828049917192485,0.3088524013711548,0.7039253654908512,0.3655553183098216,0.1476346550390503,1.5590862059276232e-14,10,0.05615702524170188,0.014855032970728247,2,0.1130522100786894,0.07083055654673866,9,0.0783533732994178,0.032464849893462364,7,0.10445116488429342,0.05998829391441309,8,0.09751495859853859,0.04092224053904347,5,0.10690101076073766,0.03289038314179718,6,0.10649223705491631,0.07896747204021855,3,0.11218159752654186,0.040096422333855124,4,0.10968633289003862,0.0170090018447287,1,0.11521008966512444,0.388024253225001,banking77
7,MATAVE,0.0060556340798655,0.1760331500214254,0.991869918699187,0.337082,0.7163130903013584,0.4690539305596683,0.6378699597322832,0.8821037876464256,0.4456968163983099,0.2208551931099646,0.00034006639587751705,10,0.05615702524170188,0.019900936657035632,2,0.1130522100786894,0.07771635400430058,9,0.0783533732994178,0.03520860756152739,7,0.10445116488429342,0.0698512413443282,8,0.09751495859853859,0.0501423392781254,5,0.10690101076073766,0.06792819896202022,6,0.10649223705491631,0.09895581208238946,3,0.11218159752654186,0.04888684937149544,4,0.10968633289003862,0.025444746601207397,1,0.11521008966512444,0.49437515225830725,banking77
8,combinedTopicModel,0.9495060423198516,0.1657874654061278,0.9345528455284552,0.3223777,0.623336698407819,0.3409979345681537,0.4423022179050442,0.6608132792256804,0.3965665697913003,0.1863239411220658,0.05332143478570436,10,0.05615702524170188,0.018742639367507013,2,0.1130522100786894,0.07322536797372418,9,0.0783533732994178,0.03367272629771927,7,0.10445116488429342,0.06078465233818821,8,0.09751495859853859,0.036453023872659515,5,0.10690101076073766,0.04710175263905922,6,0.10649223705491631,0.07413108933028961,3,0.11218159752654186,0.043497932787189296,4,0.10968633289003862,0.021466397963432568,1,0.11521008966512444,0.4623970173554732,banking77
9,realToReal,1.0,0.0185210824344032,0.6097820308346624,0.25844306,0.3652458204642566,0.0385153551288693,0.0077538529079027,0.0286519599354013,0.1546588647479609,0.0842526722799812,0.05615702524170188,10,0.05615702524170188,0.0020938493022588747,2,0.1130522100786894,0.0477784790932654,9,0.0783533732994178,0.026994678673261337,7,0.10445116488429342,0.03561693106086124,8,0.09751495859853859,0.004117330393084889,5,0.10690101076073766,0.0008257251419573266,6,0.10649223705491631,0.003214222637819791,3,0.11218159752654186,0.0169639637231403,4,0.10968633289003862,0.00970675792790298,1,0.11521008966512444,0.203468963195254,banking77
10,realToReal2,1.0,0.0150085775829872,0.3473684210526315,0.2554691,0.3593077766567258,0.0251448135475149,0.0130502613275255,0.0284311563161123,0.1645208244016438,0.079313011668063,0.05615702524170188,10,0.05615702524170188,0.0016967528658941775,2,0.1130522100786894,0.027217487567166177,9,0.0783533732994178,0.026684045086942044,7,0.10445116488429342,0.03503788296481357,8,0.09751495859853859,0.002688005983619632,5,0.10690101076073766,0.0013897515229194524,6,0.10649223705491631,0.0031894525350683084,3,0.11218159752654186,0.018045685912662292,4,0.10968633289003862,0.009137659185888599,1,0.11521008966512444,0.1812437488666761,banking77
11,realToReal3,0.9995536802134816,0.0132923115117754,0.4905071132367448,0.26218453,0.3680746855481525,0.0470547492033224,0.0067165803768427,0.0376323129955573,0.1525457943101054,0.0810379945897956,0.05613196125018449,10,0.05615702524170188,0.001502725193460614,2,0.1130522100786894,0.03843288694945846,9,0.0783533732994178,0.027385479573140976,7,0.10445116488429342,0.0358927877223982,8,0.09751495859853859,0.00503020025092818,5,0.10690101076073766,0.0007152636696891319,6,0.10649223705491631,0.0042216529904604595,3,0.11218159752654186,0.01673218877567358,4,0.10968633289003862,0.00933639462297222,1,0.11521008966512444,0.19538154099836633,banking77
12,LDA,0.0,0.0149301064180165,0.8216216216216217,0.35477313,0.7082065838112035,0.1597884135291847,0.0345251723095637,0.2857634287128318,0.501198387200512,0.5323711275706107,0.0,10,0.0,0.0016702588201860094,6,0.11187186302774574,0.08350690943647007,8,0.10163669898517738,0.03847597328604903,7,0.10845233201863125,0.06340219787701622,9,0.08952500488744146,0.018568641559208083,3,0.11620768458168965,0.004144477035390148,2,0.12004218250467935,0.03289403513388767,4,0.11510932410789138,0.05690015107851953,5,0.11352820067187439,0.06581529058256404,1,0.12362670921486943,0.36537793480929076,medicalAbstracts
13,MATAVE,0.0,0.0041010803997909,0.9056024350141998,0.3609132,0.9729054781493628,0.5011613424593028,0.1978618070008534,0.9554496192805032,0.533051894744376,0.4943589829188649,0.0,10,0.0,0.0004587955047511803,6,0.11187186302774574,0.09204244208778188,8,0.10163669898517738,0.03914187819630666,7,0.10845233201863125,0.08709936768634027,9,0.08952500488744146,0.0582387992090468,3,0.11620768458168965,0.023751763146702087,2,0.12004218250467935,0.10998115989452087,4,0.11510932410789138,0.06051642247506238,5,0.11352820067187439,0.061115974229069114,1,0.12362670921486943,0.5323466024295812,medicalAbstracts
14,combinedTopicModel,0.0,0.0043457139231009,0.8374630010211073,0.3543385,0.6969288193380496,0.1631317570136493,0.0327446424831617,0.189517930441989,0.5525855525523266,0.5197470391785707,0.0,10,0.0,0.00048616311276291144,6,0.11187186302774574,0.08511697494600558,8,0.10163669898517738,0.03842883664898377,7,0.10845233201863125,0.0623925559574377,9,0.08952500488744146,0.018957163764298995,3,0.11620768458168965,0.003930738349014174,2,0.12004218250467935,0.021815280879503726,4,0.11510932410789138,0.06273404349853912,5,0.11352820067187439,0.0642546160778185,1,0.12362670921486943,0.35811637323436446,medicalAbstracts
15,realToReal,1.0,0.0065666383656836,0.452991452991453,0.351541,0.6165682889455391,0.0383766417793763,0.0228099255540103,0.0139749408078069,0.1609988816791678,0.1057746934447694,0.0,10,0.0,0.0007346220677984959,6,0.11187186302774574,0.04604055595055044,8,0.10163669898517738,0.038125441250161644,7,0.10845233201863125,0.0551982790812908,9,0.08952500488744146,0.004459660683202254,3,0.11620768458168965,0.002738153246272654,2,0.12004218250467935,0.0016086459908344417,4,0.11510932410789138,0.018277913347219923,5,0.11352820067187439,0.013076577268788463,1,0.12362670921486943,0.18025984888611912,medicalAbstracts
16,realToReal2,1.0,0.0040543234818688,0.4554466230936819,0.3525451,0.6115456467024286,0.0201867368948192,0.028160760137642,0.0101338401594754,0.2069962517790549,0.1105977063407449,0.0,10,0.0,0.0004535647212337996,6,0.11187186302774574,0.046290091335188084,8,0.10163669898517738,0.03823433823674156,7,0.10845233201863125,0.05474862700992847,9,0.08952500488744146,0.002345853953806707,3,0.11620768458168965,0.00338047910791332,2,0.12004218250467935,0.0011664994913746195,4,0.11510932410789138,0.023499912010298378,5,0.11352820067187439,0.01367283048161879,1,0.12362670921486943,0.18379219634810373,medicalAbstracts
17,realToReal3,1.0,0.0110870204829557,0.4491634491634491,0.35677722,0.629965163517333,0.0285679818347474,0.03531722388752,0.0211846770093825,0.1883157743260498,0.1137017528886442,0.0,10,0.0,0.0012403256368550314,6,0.11187186302774574,0.0456514902777695,8,0.10163669898517738,0.038693321520124245,7,0.10845233201863125,0.0563976343428071,9,0.08952500488744146,0.0033198190221877654,3,0.11620768458168965,0.004239556635464297,2,0.12004218250467935,0.0024385538519940053,4,0.11510932410789138,0.02137915101736719,5,0.11352820067187439,0.014056573541585357,1,0.12362670921486943,0.18741642584615448,medicalAbstracts
18,LDA,0.0,0.2751229006528846,1.0,0.26876602,0.5288719840153046,0.9716283900450724,0.9454004645929992,0.9947163339438032,0.8317069620057179,0.2911717418908826,0.0,10,0.0,0.03293324433509419,1,0.1197037551470323,0.09162397145172713,9,0.09162397145172713,0.030854763902077236,4,0.11480158057955853,0.05990286249512824,6,0.11326533510119674,0.11014872050023831,5,0.1133650700502161,0.09436385383776298,8,0.09981363175909504,0.11750570999481605,2,0.1181298687726732,0.09318205690298198,7,0.11203712504494023,0.03414270006531839,3,0.11725966209356078,0.6646578834851445,dementiaAudio
19,MATAVE,0.0,0.4082894585381897,1.0,0.2986938,0.6786678810090411,0.9187913361079244,0.985176936736714,0.9918641839076114,0.7426084329605752,0.2483491388237032,0.0,10,0.0,0.04887378137396985,1,0.1197037551470323,0.09162397145172713,9,0.09162397145172713,0.03429052034931454,4,0.11480158057955853,0.07686954496490815,6,0.11326533510119674,0.10415884417940649,5,0.1133650700502161,0.09833408798099164,8,0.09981363175909504,0.11716878588532074,2,0.1181298687726732,0.08319971386303109,7,0.11203712504494023,0.029121336099694257,3,0.11725966209356078,0.6836405861483639,dementiaAudio
20,combinedTopicModel,0.0,0.3310923650454531,1.0,0.2797849,0.5547627448811706,0.8565015066349456,0.9534486399472096,0.9899165108589008,0.7600585270527369,0.2605399593867838,0.0,10,0.0,0.039632999396452755,1,0.1197037551470323,0.09162397145172713,9,0.09162397145172713,0.03211974874229372,4,0.11480158057955853,0.06283538820062551,6,0.11326533510119674,0.09709735329778624,5,0.1133650700502161,0.09516717144890077,8,0.09981363175909504,0.11693870752366448,2,0.1181298687726732,0.08515477223688057,7,0.11203712504494023,0.03055082759956432,3,0.11725966209356078,0.6511209398978954,dementiaAudio
21,realToReal,1.0,0.0128692648016945,0.5028743028743029,0.22520985,0.2469632477004149,0.2155903444682565,0.0679628612511555,0.0425602067593624,0.1854679895884838,0.0920064005304959,0.0,10,0.0,0.0015404993227443597,1,0.1197037551470323,0.04607534077036231,9,0.09162397145172713,0.02585444674208529,4,0.11480158057955853,0.02797237500846735,6,0.11326533510119674,0.024440414502794116,5,0.1133650700502161,0.006783620006217304,8,0.09981363175909504,0.00502763163942132,2,0.1181298687726732,0.020779300341358633,7,0.11203712504494023,0.010788639436650762,3,0.11725966209356078,0.16926226777010142,dementiaAudio
22,realToReal2,1.0,0.012834667934413,0.5174906964380649,0.22453368,0.2440263850901983,0.221586289759418,0.0610100820968928,0.0524619419306924,0.1564977404108295,0.0808506962820117,0.0,10,0.0,0.0015363579478144406,1,0.1197037551470323,0.047414552796975644,9,0.09162397145172713,0.025776821357344812,4,0.11480158057955853,0.02763973028077499,6,0.11326533510119674,0.025120145260743902,5,0.1133650700502161,0.006089637868011415,8,0.09981363175909504,0.006197322315832295,2,0.1181298687726732,0.017533556911658702,7,0.11203712504494023,0.009480525326057804,3,0.11725966209356078,0.166788650065214,dementiaAudio
23,realToReal3,1.0,0.0091727049490712,0.556511121728513,0.22329098,0.2444003671590915,0.2047667004122504,0.0050417068466284,0.0377998025395142,0.1930939982825987,0.1029385265370405,0.0,10,0.0,0.0010980072272595903,1,0.1197037551470323,0.05098975912982192,9,0.09162397145172713,0.02563415743315859,4,0.11480158057955853,0.027682089485130016,6,0.11326533510119674,0.023213391336186377,5,0.1133650700502161,0.0005032310706266753,8,0.09981363175909504,0.004465285713625772,2,0.1181298687726732,0.021633696431014985,7,0.11203712504494023,0.01207053683814241,3,0.11725966209356078,0.16729015466496633,dementiaAudio
24,LDA,0.9999999958419268,0.0948429531978766,0.9039942197836934,0.39816487,0.9321786692647996,0.2560342307933459,0.1137379863443565,0.668309132079925,0.4083407847032607,0.2613224065201535,0.0,10,0.0,0.01131143414099901,4,0.11926488747560696,0.08721507781616422,8,0.09647747287259528,0.04274607889222894,7,0.10735773573451857,0.07130307887145872,9,0.07649078575000517,0.03101607335609123,3,0.12114033838360222,0.013983706593956799,2,0.12294666930025747,0.0756872002060481,6,0.11325178210642266,0.04851177762810976,5,0.11880218544263962,0.03247405016539529,1,0.12426814293435207,0.41424847767045214,huffPostNews
25,MATAVE,0.999941306706446,0.0727509331257468,0.9332618600911284,0.39197266,0.9146289089338387,0.6858708201418052,0.0695181446427033,0.7151542332015275,0.5963669299850675,0.3331428273258805,0.0,10,0.0,0.0086766318529876,4,0.11926488747560696,0.09003874578996966,8,0.09647747287259528,0.04208129724743629,7,0.10735773573451857,0.06996068391401926,9,0.07649078575000517,0.08308662323941707,3,0.12114033838360222,0.008547024339753908,2,0.12294666930025747,0.08099249139102517,6,0.11325178210642266,0.07084969460794367,5,0.11880218544263962,0.04139904048368669,1,0.12426814293435207,0.4956322328662393,huffPostNews
26,combinedTopicModel,1.0,0.0744812740200465,0.8899248899248899,0.39933643,0.9168910163082308,0.3501870788997208,0.0942347127247969,0.7088634050312755,0.4526457839559267,0.2635514201393946,0.0,10,0.0,0.008883000765040694,4,0.11926488747560696,0.08585770442637591,8,0.09647747287259528,0.042871854921106074,7,0.10735773573451857,0.07013371428453738,9,0.07649078575000517,0.042421781235477386,3,0.12114033838360222,0.011585844061980368,2,0.12294666930025747,0.08028004388981885,6,0.11325178210642266,0.05377530836536099,5,0.11880218544263962,0.03275104554843376,1,0.12426814293435207,0.42856029749813146,huffPostNews
27,realToReal,1.0,0.0127147665442448,0.4858793324775353,0.39789328,0.8252481075155851,0.0471040373837444,0.0564849656426131,0.0357054876201436,0.1580417835530726,0.1087581147933896,0.0,10,0.0,0.0015164252011779678,4,0.11926488747560696,0.04687641011845611,8,0.09647747287259528,0.04271692160478081,7,0.10735773573451857,0.06312387618257186,9,0.07649078575000517,0.005706199027900646,3,0.12114033838360222,0.006944638391298758,2,0.12294666930025747,0.004043710103960075,6,0.11325178210642266,0.018775709277357645,5,0.11880218544263962,0.013515168954415608,1,0.12426814293435207,0.20321905886191943,huffPostNews
28,realToReal2,1.0,0.0086209454881302,0.5145954316686024,0.39751342,0.8169207875596959,0.0302604883038198,0.0420719848216549,0.0469887424590163,0.182642988096052,0.0940018635508426,0.0,10,0.0,0.00102817609357519,4,0.11926488747560696,0.04964686679916905,8,0.09647747287259528,0.042676140695284685,7,0.10735773573451857,0.06248691293595419,9,0.07649078575000517,0.003665765792777768,3,0.12114033838360222,0.005172610404673456,2,0.12294666930025747,0.005321558822423324,6,0.11325178210642266,0.02169838614158499,5,0.11880218544263962,0.011681437015831568,1,0.12426814293435207,0.20337785470127423,huffPostNews
29,realToReal3,1.0,0.0173384692403029,0.4292207483478343,0.39914465,0.8223691186050209,0.0474015708858987,0.0594542553162722,0.0158509271892643,0.152945752219558,0.0950949661174915,0.0,10,0.0,0.002067870582943998,4,0.11926488747560696,0.04141013310508323,8,0.09647747287259528,0.042851265854546905,7,0.10735773573451857,0.06290366005863725,9,0.07649078575000517,0.005742242337032076,3,0.12114033838360222,0.007309702666862793,2,0.12294666930025747,0.0017951457522233309,6,0.11325178210642266,0.01817028961785194,5,0.11880218544263962,0.011817274841825801,1,0.12426814293435207,0.1940675848170073,huffPostNews
30,LDA,0.3333420390183714,0.0400098191085011,0.9058476863354912,0.37083665,0.90359656073795,0.3701091280881381,0.2677184591245308,0.856025474295539,0.2979098987569822,0.2309382460482851,0.0,10,0.0,0.004891973852691542,2,0.12226933192137623,0.08081221808672501,8,0.0892117066762538,0.04013366165920739,7,0.1082246365325741,0.07464793616856043,9,0.08261201891649177,0.04293233281590352,6,0.11599911906436304,0.03184516171298682,3,0.1189501904990939,0.10714390009975486,1,0.12516438273981073,0.03540979585278432,4,0.11886075622371178,0.027414184386185304,5,0.11870785742632461,0.44523116463479917,clinc150
31,MATAVE,0.0781829021162606,0.0920563845503204,0.908058608058608,0.3657985,0.9189883961227628,0.4859628399292042,0.1921952137207088,0.8856536862118106,0.2878297593118705,0.2001081127968791,0.0,10,0.0,0.011255672638064977,2,0.12226933192137623,0.08100945818697186,8,0.0892117066762538,0.03958840970666081,7,0.1082246365325741,0.07591948676453011,9,0.08261201891649177,0.05637126132980375,6,0.11599911906436304,0.022861657285092377,3,0.1189501904990939,0.1108522969559393,1,0.12516438273981073,0.03421166285549788,4,0.11886075622371178,0.023754405323742806,5,0.11870785742632461,0.45582431104630383,clinc150
32,combinedTopicModel,0.2151746019678199,0.0258221989753061,0.8587489928953344,0.36995614,0.900921505339888,0.3939681439297327,0.2104868793388634,0.8501871809456866,0.30213281183216,0.2126356959034344,0.0,10,0.0,0.003157263017451523,2,0.12226933192137623,0.07661046326270693,8,0.0892117066762538,0.04003836878449409,7,0.1082246365325741,0.07442694444141307,9,0.08261201891649177,0.045699957635271175,6,0.11599911906436304,0.025037454394917592,3,0.1189501904990939,0.10641315371636663,1,0.12516438273981073,0.03591173449436695,4,0.11886075622371178,0.025241527873052207,5,0.11870785742632461,0.4325368676200402,clinc150
33,realToReal,1.0,0.0118993957527189,0.5134176905678831,0.3448207,0.7052884574568958,0.0485002151437264,0.0333567364499165,0.0329813843959195,0.1494948215476942,0.0967467070042362,0.0,10,0.0,0.0014549311689530018,2,0.12226933192137623,0.04580286841334163,8,0.0892117066762538,0.03731809492640777,7,0.1082246365325741,0.058265303389012375,9,0.08261201891649177,0.005625982231104342,6,0.11599911906436304,0.0039677901551456365,3,0.1189501904990939,0.00412809461981969,1,0.12516438273981073,0.017769067540687775,4,0.11886075622371178,0.01148459430152527,5,0.11870785742632461,0.18581672674599747,clinc150
34,realToReal2,1.0,0.0149373003387928,0.5697577276524645,0.33822587,0.7024888280093845,0.0317437984450766,0.0268925282026207,0.0291323973497026,0.1513053431942572,0.0902124969596641,0.0,10,0.0,0.0018263737331331426,2,0.12226933192137623,0.05082905927586056,8,0.0892117066762538,0.03660437184666365,7,0.1082246365325741,0.0580340203481354,9,0.08261201891649177,0.0036822526553855826,6,0.11599911906436304,0.003198871352703988,3,0.1189501904990939,0.003646338532006424,1,0.12516438273981073,0.017984267512757654,4,0.11886075622371178,0.010708932227160548,5,0.11870785742632461,0.18651448748380697,clinc150
35,realToReal3,1.0,0.0101141336899649,0.5961013645224171,0.3463899,0.7131808568126838,0.0586996168222767,0.0433009979428261,0.0360169169271176,0.1663201210118185,0.0702860391569316,0.0,10,0.0,0.0012366483692354921,2,0.12226933192137623,0.053179220081088524,8,0.0892117066762538,0.03748792102605469,7,0.1082246365325741,0.058917310433889244,9,0.08261201891649177,0.006809103840799763,6,0.11599911906436304,0.0051506619541000385,3,0.1189501904990939,0.004508035175373715,1,0.12516438273981073,0.019768935358684004,4,0.11886075622371178,0.008343505115302106,5,0.11870785742632461,0.19540134135452758,clinc150
36,LDA,1.7763568394002505e-15,0.0148398220048937,0.9503960808838858,0.31325853,0.6757013158499361,0.6878130720832164,0.2223715811862899,0.7749400266492853,0.6819632704681359,0.2410786318858865,1.0988185546387498e-16,10,0.06185798541523576,0.001459396917530402,7,0.09834328990261065,0.08340927905227803,9,0.08776265046748286,0.032858789095932164,5,0.10489351749154976,0.06512139051824445,8,0.0963760007427705,0.07730878535487568,3,0.11239795882437419,0.022317116512813612,6,0.10035957110057889,0.08988536093052836,1,0.11599008676733095,0.0738564918774211,4,0.10829980891305492,0.02741525237006054,2,0.11371913037501154,0.47363186262968443,syntheticCareHomeNurseNotes
37,MATAVE,0.582789925281802,0.1204567305238325,0.832426516572858,0.30806482,0.5448968928960306,0.1979272186106335,0.2241769512269968,0.3143314019974163,0.4757055563921052,0.1006870030173094,0.036050210698228044,10,0.06185798541523576,0.011846111170625909,7,0.09834328990261065,0.07305595741384807,9,0.08776265046748286,0.03231400258520113,5,0.10489351749154976,0.05251498335448118,8,0.0963760007427705,0.022246615367620893,3,0.11239795882437419,0.02249830267577679,6,0.10035957110057889,0.03645932659137711,1,0.11599008676733095,0.05151882085614347,4,0.10829980891305492,0.011450038423194588,2,0.11371913037501154,0.3499543691364972,syntheticCareHomeNurseNotes
38,combinedTopicModel,0.7251116955459068,0.0998359062798496,0.8895875237338652,0.3078308,0.5375585557583423,0.1979012881673146,0.1265687575092993,0.1453049031985027,0.5131197726442337,0.1613252710106058,0.04485394868749558,10,0.06185798541523576,0.009818191473969118,7,0.09834328990261065,0.07807255890568882,9,0.08776265046748286,0.032289455404237756,5,0.10489351749154976,0.05180774376904864,8,0.0963760007427705,0.022243700838720435,3,0.11239795882437419,0.012702386218366451,6,0.10035957110057889,0.016853928329712952,1,0.11599008676733095,0.05557077332688069,4,0.10829980891305492,0.01834576952683915,2,0.11371913037501154,0.3425584564809596,syntheticCareHomeNurseNotes
39,realToReal,0.6425656671145537,0.0240133364871041,0.532010582010582,0.2911502,0.4198300932715209,0.0467897453987205,0.0393350809473976,0.0374133024500417,0.1567429932790624,0.0878103774769402,0.0397478176647033,10,0.06185798541523576,0.0023615505116802164,7,0.09834328990261065,0.04669065875399683,9,0.08776265046748286,0.030539768596368214,5,0.10489351749154976,0.040461545380973504,8,0.0963760007427705,0.005259071876728338,3,0.11239795882437419,0.003947651853087375,6,0.10035957110057889,0.004339572197432732,1,0.11599008676733095,0.01697523622058271,4,0.10829980891305492,0.00998571976457914,2,0.11371913037501154,0.20030859282013236,syntheticCareHomeNurseNotes
40,realToReal2,0.6666946651488178,0.0194376421564761,0.4454224993377753,0.29103157,0.4179732179758217,0.0335574417948738,0.0087697676068607,0.0435372535309865,0.1810923715575461,0.0863400226567662,0.041240388873191064,10,0.06185798541523576,0.0019115616776175352,7,0.09834328990261065,0.03909145911973379,9,0.08776265046748286,0.030527325078388193,5,0.10489351749154976,0.04028258716609597,8,0.0963760007427705,0.003771787961111559,3,0.11239795882437419,0.00088013011567629,6,0.10035957110057889,0.00504988981467041,1,0.11599008676733095,0.019612269235294185,4,0.10829980891305492,0.009818512293086246,2,0.11371913037501154,0.19218591133486523,syntheticCareHomeNurseNotes
41,realToReal3,1.0,0.0027069064061106,0.4594594594594594,0.2935637,0.4238105836950609,0.035180059270928,0.0299502873287376,0.0356159434098206,0.1507484619696106,0.1002099359362344,0.06185798541523576,10,0.06185798541523576,0.00026620608143536865,7,0.09834328990261065,0.04032337994451914,9,0.08776265046748286,0.030792929100834067,5,0.10489351749154976,0.04084516912898919,8,0.0963760007427705,0.003954166853372809,3,0.11239795882437419,0.003005797990651208,6,0.10035957110057889,0.004131096366405441,1,0.11599008676733095,0.016326029625245753,4,0.10829980891305492,0.011395786769604193,2,0.11371913037501154,0.21289854727629293,syntheticCareHomeNurseNotes
42,LDA,0.0180406551042831,0.0676640803611335,0.8822436627314677,0.3241258,0.7001722107396392,0.3466874181453163,0.152044488831043,0.6705778456019716,0.3177771113944685,0.2894757369225489,0.0,10,0.0,0.008339864819003945,1,0.12325394469994741,0.08101925812582991,9,0.09183319931705772,0.03657304453043161,5,0.11283595607147473,0.06900932400576429,8,0.09856050118422306,0.04192362206766385,2,0.12092628654349172,0.01692553134891122,6,0.11131959782981313,0.07127608354757169,7,0.10629054332027298,0.03631687074942362,4,0.11428409865662773,0.03493852659986848,3,0.1206958723770915,0.3963221257944686,clinicalDialogueSummarizations
43,MATAVE,0.0876866154510555,0.1741645230127096,0.8849206349206349,0.3431028,0.7547901501599723,0.3229534362074075,0.49111420292808,0.6605078734595594,0.3731238473807607,0.3791204205305742,0.0,10,0.0,0.021466464488101227,1,0.12325394469994741,0.08126509304644393,9,0.09183319931705772,0.038714332468799975,5,0.11283595607147473,0.07439249548868185,8,0.09856050118422306,0.03905355976702223,2,0.12092628654349172,0.0546706355584631,6,0.11131959782981313,0.07020574073733468,7,0.10629054332027298,0.04264212258520336,4,0.11428409865662773,0.04575826989190745,3,0.1206958723770915,0.4681687140319578,clinicalDialogueSummarizations
44,combinedTopicModel,0.8194379945513907,0.1096200319909195,0.8442655535678791,0.32922122,0.692823625089856,0.2752950957947562,0.2246933820586218,0.4467869918996617,0.3306132034659289,0.307443283774814,0.0,10,0.0,0.013511101361015259,1,0.12325394469994741,0.07753160685732512,9,0.09183319931705772,0.03714799111771731,5,0.11283595607147473,0.06828504372112647,8,0.09856050118422306,0.033290413638094686,2,0.12092628654349172,0.025012776925786327,6,0.11131959782981313,0.04748923211744544,7,0.10629054332027298,0.03778383196208395,4,0.11428409865662773,0.03710713534167888,3,0.1206958723770915,0.37715913304227344,clinicalDialogueSummarizations
45,realToReal,1.0,0.0085072461816476,0.4334273285679935,0.26867887,0.4718757661642841,0.0753032450192374,0.0432392036290708,0.0353843771389433,0.1800805833655292,0.1078830067960259,0.0,10,0.0,0.001048551650421632,1,0.12325394469994741,0.03980301825384441,9,0.09183319931705772,0.030316637172653472,5,0.11283595607147473,0.04650831200984109,8,0.09856050118422306,0.009106141784851066,2,0.12092628654349172,0.004813370758469558,6,0.11131959782981313,0.00376102467114773,7,0.10629054332027298,0.020580347155489214,4,0.11428409865662773,0.013021033619910038,3,0.1206958723770915,0.16895843707662817,clinicalDialogueSummarizations
46,realToReal2,1.0,0.0071285401591184,0.5249753633899975,0.2639067,0.4797095788863963,0.0818201325201668,0.0790331878555349,0.0704488234945435,0.1480693396804334,0.1079890767999717,0.0,10,0.0,0.0008786206945633336,1,0.12325394469994741,0.04821016718273845,9,0.09183319931705772,0.02977816480816786,5,0.11283595607147473,0.04728041651791581,8,0.09856050118422306,0.009894204790160156,2,0.12092628654349172,0.008797942687286215,6,0.11131959782981313,0.00748804372550904,7,0.10629054332027298,0.016921971024060373,4,0.11428409865662773,0.013033835831569317,3,0.1206958723770915,0.18228336726197053,clinicalDialogueSummarizations
47,realToReal3,1.0,0.0095294747810765,0.5236985236985237,0.26844987,0.4780665772237282,0.0669872326127229,0.0859158831939291,0.0245118134186532,0.1763232671768689,0.0959423908717629,0.0,10,0.0,0.0011745453576863464,1,0.12325394469994741,0.048092910908855396,9,0.09183319931705772,0.0302907977387131,5,0.11283595607147473,0.04711848145059673,8,0.09856050118422306,0.008100517285681662,2,0.12092628654349172,0.009564121564341388,6,0.11131959782981313,0.002605373966033806,7,0.10629054332027298,0.020150945661500212,4,0.11428409865662773,0.011579850564211324,3,0.1206958723770915,0.17867754449761997,clinicalDialogueSummarizations
48,LDA,0.0,0.065585956999292,0.9482456140350876,0.23841041,0.4530700518477211,0.7038335473877447,0.9144903843378084,0.8506086201054567,0.4878415340299325,0.365716592405773,0.0,10,0.0,0.007836976049233628,1,0.1194916779108404,0.08596817068503235,9,0.0906602355050295,0.02783291421037545,3,0.11674370347492566,0.05278513874640125,4,0.11650546870430221,0.08274239517442901,2,0.11755960692911657,0.1030898867358892,7,0.11272932827012459,0.0827401605974754,8,0.09727171655892394,0.0559777187137584,5,0.11474570082489896,0.04179868624680878,6,0.11429256182183813,0.5407720471594035,simSUM
49,MATAVE,0.0,0.1532503878267985,0.9755799755799756,0.24177651,0.5166735280723228,0.7083905130062131,0.899406649833363,0.8791222065514187,0.5068906976172469,0.3556906410830238,0.0,10,0.0,0.018312145981911183,1,0.1194916779108404,0.08844631034007151,9,0.0906602355050295,0.028225885190642397,3,0.11674370347492566,0.060195291555171414,4,0.11650546870430221,0.08327811026132566,2,0.11755960692911657,0.10138950747739818,7,0.11272932827012459,0.08551372609632539,8,0.09727171655892394,0.05816352833971294,5,0.11474570082489896,0.04065279458543073,6,0.11429256182183813,0.5641772998279894,simSUM
50,combinedTopicModel,0.0,0.1263555911398415,0.958913308913309,0.23729594,0.4295612343326643,0.6845558922591026,0.8946991709993437,0.6083039237445248,0.5372815422238636,0.344104789046008,0.0,10,0.0,0.015098441598715777,1,0.1194916779108404,0.08693530641498769,9,0.0906602355050295,0.027702806855163752,3,0.11674370347492566,0.05004623294312565,4,0.11650546870430221,0.08047612161499078,2,0.11755960692911657,0.10085883655059336,7,0.11272932827012459,0.0591707668521587,8,0.09727171655892394,0.06165074710275977,5,0.11474570082489896,0.03932861787523144,6,0.11429256182183813,0.5212678778077269,simSUM
51,realToReal,1.0,0.0061677935093279,0.5433455958809313,0.17151815,0.1469678435287023,0.0871570825670154,0.0205428151397868,0.0316428319825371,0.1581908793224574,0.1074538550912823,0.0,10,0.0,0.0007369999954371814,1,0.1194916779108404,0.04925983968318582,9,0.0906602355050295,0.020023664044167822,3,0.11674370347492566,0.017122557494772008,4,0.11650546870430221,0.01024615236766689,2,0.11755960692911657,0.0023157777514855116,7,0.11272932827012459,0.0030779525837270017,8,0.09727171655892394,0.01815172331196239,5,0.11474570082489896,0.012281176376015219,6,0.11429256182183813,0.13321584360841987,simSUM
52,realToReal2,1.0,0.0082021213363555,0.5526352384925601,0.1710335,0.1484910401981126,0.0766614250498851,0.0276082586621073,0.0196442801169611,0.1377025744822267,0.0822147939632608,0.0,10,0.0,0.0009800852409094232,1,0.1194916779108404,0.05010204087011364,9,0.0906602355050295,0.0199670842082787,3,0.11674370347492566,0.01730001823667049,4,0.11650546870430221,0.009012286995490424,2,0.11755960692911657,0.0031122604536872045,7,0.11272932827012459,0.0019108328475411455,8,0.09727171655892394,0.01580077841435595,5,0.11474570082489896,0.009396539421715668,6,0.11429256182183813,0.12758192668876264,simSUM
53,realToReal3,1.0,0.0081790969207468,0.4910621221596831,0.17463297,0.1575457600323546,0.0924839634334317,0.0152799686296556,0.0888855443704006,0.151925777694883,0.0851654666703123,0.0,10,0.0,0.0009773340148554232,1,0.1194916779108404,0.044519807642596436,9,0.0906602355050295,0.02038729966662559,3,0.11674370347492566,0.018354942614944997,4,0.11650546870430221,0.01087237838848102,2,0.11755960692911657,0.001722500599609652,7,0.11272932827012459,0.008646049478183265,8,0.09727171655892394,0.01743282983496715,5,0.11474570082489896,0.009733779364502364,6,0.11429256182183813,0.13264692160476588,simSUM
54,LDA,0.0,0.1600997902877746,0.9245098039215686,0.27354923,0.4992656774926391,0.4459826469073844,0.6496560114553683,0.9300243816534706,0.3910460321802173,0.2815073287038427,0.0,10,0.062301869010361464,0.016621840051568814,6,0.10382174780923543,0.07975490999461841,9,0.08626724092737093,0.030098757541706014,4,0.11003049630849268,0.05350776111107774,5,0.10717292119858696,0.05026798502714951,3,0.11271287207187791,0.05800467616293398,8,0.08928521423667135,0.09018582937707888,7,0.09697146779823064,0.0442927387469894,2,0.11326732686697272,0.03326539554633374,1,0.1181688437722,0.45599989355945647,atis
55,MATAVE,0.0,0.2143782595648642,0.9657894736842104,0.29124317,0.5561212948278568,0.451169691196172,0.8123878922358349,0.8202259185902584,0.3674057163119233,0.2061544580887392,0.0,10,0.062301869010361464,0.022257125600326146,6,0.10382174780923543,0.08331599321143454,9,0.08626724092737093,0.032045630541558706,4,0.11003049630849268,0.05960114370744204,5,0.10717292119858696,0.050852631686502794,3,0.11271287207187791,0.07253422700155439,8,0.08928521423667135,0.0795385112518494,7,0.09697146779823064,0.04161506336229687,2,0.11326732686697272,0.024361033950830772,1,0.1181688437722,0.46612136031379564,atis
56,combinedTopicModel,0.0,0.19447966724146,0.9255784865540964,0.27856395,0.500422783263557,0.3811924809059269,0.7167405028841071,0.8794735740484296,0.3617908276015567,0.232349872429751,0.0,10,0.062301869010361464,0.020191218966366886,6,0.10382174780923543,0.07984710229675358,9,0.08626724092737093,0.03065052967215414,4,0.11003049630849268,0.05363177151668276,5,0.10717292119858696,0.0429652993351115,3,0.11271287207187791,0.06399432935210705,8,0.08928521423667135,0.0852838433652321,7,0.09697146779823064,0.040979079927418095,2,0.11326732686697272,0.027456515775641843,1,0.1181688437722,0.44499969020746794,atis
57,realToReal,0.9999999997920388,0.0342408687837122,0.4925647451963241,0.22234811,0.2466567702273197,0.0770277288359404,0.1092844937467637,0.0721969287578949,0.1577309470367024,0.0660546676747688,0.06230186899740509,10,0.062301869010361464,0.00355494684363169,6,0.10382174780923543,0.04249220154618036,9,0.08626724092737093,0.024465072896555324,4,0.11003049630849268,0.026434926598670503,5,0.10717292119858696,0.008682016546272653,3,0.11271287207187791,0.009757489436925967,8,0.08928521423667135,0.0070010421521773565,7,0.09697146779823064,0.017865762735043332,2,0.11326732686697272,0.007805603704884342,1,0.1181688437722,0.21036093145774665,atis
58,realToReal2,0.6666747743697002,0.0264063572435791,0.5704691208402767,0.22334759,0.2499126035656778,0.0899777959816565,0.0157577977301902,0.028859398166896,0.1629573720979349,0.0690300160052801,0.04153508446529335,10,0.062301869010361464,0.0027415541623034465,6,0.10382174780923543,0.049212797089153625,9,0.08626724092737093,0.02457504617700574,4,0.11003049630849268,0.026783863768478088,5,0.10717292119858696,0.01014165580778998,3,0.11271287207187791,0.0014069383462381657,8,0.08928521423667135,0.0027985382000174715,7,0.09697146779823064,0.018457745930799692,2,0.11326732686697272,0.008157197176920409,1,0.1181688437722,0.18581042112399992,atis
59,realToReal3,0.7355492813379346,0.012060089853406,0.4784514581026209,0.22369665,0.2364626893593985,0.0704480501913217,0.016288652235851,0.0191208970643468,0.1606746674218922,0.0705814751470057,0.045826094976581515,10,0.062301869010361464,0.001252099607317037,6,0.10382174780923543,0.04127468720819071,9,0.08626724092737093,0.02461345342204718,4,0.11003049630849268,0.02534239717312076,5,0.10717292119858696,0.007940402068927677,3,0.11271287207187791,0.0014543358045045922,8,0.08928521423667135,0.0018541814539485885,7,0.09697146779823064,0.018199190074117598,2,0.11326732686697272,0.008340531309857934,1,0.1181688437722,0.17609737309861362,atis
