"topic_model","coherence","diversity","redundancy","time","dataset","domain","example_notes","topic_keywords"
"MATAVE","0.4969305951096481","1.0","1.0","6.425270080566406","yahoo","non-factoid question","beat azz year come credit report everyday time place*** SEPARATION ***turtle leave shell like cartoon see slider fat hide leg head case follow proper feeding guideline*** SEPARATION ***wrap time plastic wrap box freeze year fresh use strawberry champagne filling lemon filling use filling choose*** SEPARATION ***copy new font folder window rest","Other topic keywords: report manual resent month charge company lock job economic apr
Other topic keywords: christian cut pie write filthy church israel kinda pastry small
Other topic keywords: increase gas coffee cause temperature blood high stress sleep cat
Other topic keywords: yahoo click file photo page tool chat temporary buy delete"
"LDA","0.40935642532626565","0.9666666666666667","0.9666666666666667","0.13523197174072266","yahoo","non-factoid question","slightly misinformed tumor calcify harden turn bone happen agree kidney failure likely outcome call transplant minimum dialysy life*** SEPARATION ***vestige old roman catholic practice eat fish sunday tradition originate fast transform fast flesh flesh product transform pope gregory allow fish basically bribe fisherman*** SEPARATION ***furry animal cute take dust bath","Other topic keywords: like look time good help way people law state mean
Other topic keywords: want come find eat speed person big cause gas fact
Other topic keywords: work time air use water need child axel long tool"
"MATAVE","0.3800637235432191","1.0","1.0","2.6562399864196777","banking77","banking text","know go charge use card*** SEPARATION ***card get reject try use*** SEPARATION ***transfer keep fail try transfer money friend morning keep get reject reason check issue","Other topic keywords: want tell credit happen find new one small support today
Other topic keywords: atm cash pende early withdraw certain machine belong holiday past
Other topic keywords: exchange rate buy overseas look able age ago american apple"
"LDA","0.49976589673454047","0.7833333333333333","0.8933333333333333","0.03881692886352539","banking77","banking text","want physical card virtual version*** SEPARATION ***withdraw atm past holiday like charge know charge withdraw*** SEPARATION ***hello check transaction see double charge restaurant visit money*** SEPARATION ***need request cash atm actually give wrong app actually choose right*** SEPARATION ***fee think charge pay card*** SEPARATION ***double check card withdrawal work fine far morning way work suddenly get decline","Other topic keywords: card want problem help fix wrong payment app apple express
Other topic keywords: know money account charge go work rate exchange withdraw wrong
Other topic keywords: money transfer keep get reject try check friend hello use
Other topic keywords: card cash pende receive atm app actually need early account
Other topic keywords: card charge go use fee tell item credit happen come
Other topic keywords: work decline get card withdrawal double check morning far way"
"MATAVE","0.4679532002812499","0.9","0.9333333333333333","2.375030994415283","huffPostNews","news","wacky food lie parent tell*** SEPARATION ***like read sign huffpost hill cheeky dose political news evening donald trump hold*** SEPARATION ***storefront art architecture favorite little italy adjacent nonprofit organization organize photo exhibition","Other topic keywords: parent food wacky child chew eat listen study decision justify
Other topic keywords: trump woman death president assault angry take cancer supporter official
Other topic keywords: show window organization photo small accord throw space fashion guinness"
"LDA","0.5441691011093459","0.975","0.9833333333333333","0.09120798110961914","huffPostNews","news","major protest like saturday generally limit urban area like tokyo receive electricity*** SEPARATION ***immigration case occupy half federal criminal docket*** SEPARATION ***precision rockettes dance number window house snap little doohickey let slide smoothly keep go tilt window repairman sure real broken real real expensive price tag real expensive labor*** SEPARATION ***united states climate change brutalize plant honeybee fact price honey america rise percent pundit expect reach high price","Other topic keywords: like say love woman want trump parent great understand world
Other topic keywords: people evening high federal political read week hill fashion day
Other topic keywords: real thing make ozone window new tell call year day
Other topic keywords: child news find think price reason sex hotel guinness president"
"MATAVE","0.3027706011368733","0.4409090909090909","0.8125541125541126","2.867799997329712","clinc150","multi-domain intent","alert bank let know travel brussels*** SEPARATION ***like know fat tbsp olive oil*** SEPARATION ***find good price toothpaste store mile radius location*** SEPARATION ***like cancel reservation hoss steak house*** SEPARATION ***need know interest rate bank america cd account*** SEPARATION ***find favorite destination travel year*** SEPARATION ***like send text jack hi*** SEPARATION ***pizza fridge monday safe eat*** SEPARATION ***wonder list look like today*** SEPARATION ***need reserve table red robin kevin*** SEPARATION ***long walk safeway strip mall*** SEPARATION ***tell carry restriction united airlines*** SEPARATION ***find routing number bank west*** SEPARATION ***hotel good review kansas city*** SEPARATION ***check engine light need look*** SEPARATION ***possible reservation sushi king virginia beach*** SEPARATION ***travel nepal safe safe x*** SEPARATION ***get to know tire pressure","Other topic keywords: card credit discover lost report alert brussels travel let bank
Other topic keywords: fat oil olive tbsp like location mile price radius store
Other topic keywords: location mile price radius store toothpaste good find account airlines
Other topic keywords: cancel hoss house steak reservation like day leave pto let
Other topic keywords: interest rate america cd account bank currently oak get need
Other topic keywords: destination favorite year find travel day leave pto let know
Other topic keywords: hi jack send text like account airlines alert america bank
Other topic keywords: eat fridge monday pizza safe beach king possible sushi virginia
Other topic keywords: enchilada jose shop taco yelp report list today wonder look
Other topic keywords: kevin red reserve robin table need account airlines alert america
Other topic keywords: long mall safeway strip walk account airlines alert america bank
Other topic keywords: airlines carry restriction united tell account alert america bank beach
Other topic keywords: number routing west county find account tell bank need airlines
Other topic keywords: city hotel kansas review good kevin red reserve robin table
Other topic keywords: check engine light look need account airlines alert america bank
Other topic keywords: beach king possible sushi virginia reservation fat oil olive tbsp
Other topic keywords: safe nepal travel account airlines alert america bank beach brussels
Other topic keywords: pressure tire to get know account airlines alert america bank"
"LDA","0.3674655736614246","0.96","0.98","0.020418643951416016","clinc150","multi-domain intent","alert bank let know travel brussels*** SEPARATION ***find good price toothpaste store mile radius location*** SEPARATION ***find routing number bank west*** SEPARATION ***travel nepal safe safe x*** SEPARATION ***get to know tire pressure","Other topic keywords: travel know let beach virginia king alert possible sushi credit
Other topic keywords: like good find reservation location mile radius toothpaste store price
Other topic keywords: bank need rate interest account number routing find cd america
Other topic keywords: safe report look enchilada jose yelp shop county strip safeway
Other topic keywords: know tell get airlines restriction united pressure carry to tire"
"MATAVE","0.39493293257734374","0.68","0.9244444444444444","2.5151660442352295","atis","air travel information system","list flight seattle continental depart pm*** SEPARATION ***flight ua denver san francisco cost*** SEPARATION ***list flight time boston pittsburgh*** SEPARATION ***need flight las vegas los angeles arrive late afternoon available*** SEPARATION ***display flight boston baltimore july thirty*** SEPARATION ***cheap coach fare dallas denver round trip","Other topic keywords: seattle continental chicago dallas beach long louis st stopping california
Other topic keywords: denver sunday airline philadelphia seventh cost september seventeenth ua available
Other topic keywords: class pittsburgh come air night start philadelphia thursday fare information
Other topic keywords: phoenix las vegas memphis sunday detroit charlotte indianapoli milwaukee miami
Other topic keywords: look display thirty coach taxi want fly time round trip
Other topic keywords: fare cheap low dollar dallas ea expensive round trip way"
"LDA","0.32961723214204175","0.725","0.75","0.10137319564819336","atis","air travel information system","cheap fare atlanta san francisco*** SEPARATION ***early flight phoenix salt lake city*** SEPARATION ***list flight class monday san francisco pittsburgh start noon*** SEPARATION ***miami like travel las vegas sunday","Other topic keywords: flight san francisco denver sunday atlanta philadelphia leave pm boston
Other topic keywords: flight baltimore dallas list atlanta arrive boston fare pm seattle
Other topic keywords: flight boston pittsburgh monday francisco san class need morning list
Other topic keywords: beach louis stopping st long dallas flight las vegas like"
"MATAVE","0.3780639924649424","1.0","1.0","3.1438710689544678","medicalAbstracts","medical abstract (current patient condition)","correlation testicular determinant factor sequence zinc finger y vary gonadal phenotype series subject gonadal dysgenesis y aneuploidy deoxyribonucleic acid sample series subject alter y vary gonadal phenotype streak streak n streak testis n testis testis n analyze presence candidate testicular determinant factor sequence zinc finger y specific probe map y centromere b map yp distal respectively hybridize deoxyribonucleic acid study subject deoxyribonucleic acid sample analyze presence zinc finger y sequence subject positive zinc finger y sequence zinc finger y positive subject unilateral n bilateral n testicular differentiation subject bilateral streak gonad seven show presence sequence lack testicular differentiation presence quantitatively normal normal zinc finger y band explain mosaicism mutation detectable analysis method southern occur testicular determinant factor gene vitiate testicular development*** SEPARATION ***scatter photocoagulation restore tissue hypoxia experimental vasoproliferative microangiopathy miniature pig experimental retinal branch vein occlusion argon laser photocoagulation miniature pig induce development ischemic retinal territory associate preretinal neovascularization preretinal partial pressure oxygen measurement ischemic territory sensitive microelectrode establish ischemic retinal area hypoxic scatter photocoagulation ischemic hypoxic territory restore local normal value week report inhibitory effect photocoagulation development retinal neovascularization reversal effect tissue hypoxia*** SEPARATION ***total knee arthroplasty diabete mellitus retrospective study total knee arthroplasty tka patient diagnose diabete mellitus overall infection rate overall revision rate average follow period year wound complication present tka rate deep joint infection diabetic patient statistically high report incidence sepsis nondiabetic patient maximum precaution take diabetic patient have tka minimize wound complication joint sepsis*** SEPARATION ***peritoneal dialysis geriatric patient elderly patient chronic peritoneal dialysis cpd large chronic peritoneal dialysis program compare young patient regard peritonitis rate catheter problem hospital day transfer form therapy mortality peritonitis rate organism similar young old patient catheter replacement common elderly difference hospital day attributable hospitalization vascular disease elderly likely episode peritonitis die change dialysis modality time year continuous ambulatory peritoneal dialysis capd treatment increase mortality difference group small cpd appear acceptable form renal replacement therapy elderly","Other topic keywords: pas antibodie cytochemical blast lymphoblastic lineage esterase fnhtr leukemia cns
Other topic keywords: sheep hypertension ventilate antihypertensive amiloride tgf magnesium lipid ecmo acth
Other topic keywords: aortic aneurysm carotid atrial interval repair av stroke tachycardia pathway
Other topic keywords: bowel fistula crohn cushing elderly fistulae signal esophageal gastroplasty derby"
"LDA","0.3985672674755092","0.7631578947368421","0.9128654970760234","0.2512218952178955","medicalAbstracts","medical abstract (current patient condition)","psychological stress fibrositis fibromyalgia syndrome relationship stress social support fibrositis fibromyalgia syndrome fs investigate administration questionnaire instrument patient fs patient rheumatoid arthritis ra pain free normal control fs show high level stress measure daily hassle ra control measure major life stress report low level difference find group regard daily uplift social support correlation measure stress social support score arthritis impact measurement scale show hassles scale significantly relate aims psychological component*** SEPARATION ***prognostic determinant extracorporeal membrane oxygenation respiratory failure newborn extracorporeal membrane oxygenation ecmo accept therapeutic modality newborn respiratory failure little information available prognostic determinant technique thirty newborn treat ecmo year period critically analyze regard influence birth weight gestational age age initiation ecmo good blood gas ecmo number hour ecmo renal failure intracerebral hemorrhage long distance air transport survival infant meconium aspiration undergo long distance transfer show significant difference blood gas ecmo survivor have normal ph carbon dioxide tension value intracerebral hemorrhage renal failure develop ecmo grave prognostic sign survivor group datum ability ventilate patient ecmo give normal carbon dioxide tension ph value important prognostic sign infant meconium aspiration undergo long distance transfer ecmo renal failure intracerebral hemorrhage usually lethal complication ecmo center perform ecmo continually reevaluate invasive technique result complication*** SEPARATION ***cardiac tamponade contralateral hemothorax subclavian vein catheterization patient develop life threaten cardiac tamponade contralateral hemothorax insertion subclavian catheter operating room contrast infuse catheter demonstrate malposition pericardial space contrast infusion valuable evaluate complication central line placement*** SEPARATION ***hepatic arterial embolization case extensive celiac arterial stenosis transarterial hepatic embolization attempt succeed patient hepatocellular carcinoma accompany extensive celiac arterial stenosis catheterization femoral artery case tip catheter f ball tip microcatheter case f ball tip supple catheter case place proper hepatic artery pancreaticoduodenal collateral case ball tip microcatheter inject guide catheter place pinhole celiac trunk technique involve flow guide ball tip catheter great value hepatic arterial catheterization case extensive celiac arterial stenosis*** SEPARATION ***significance blast low cell count cerebrospinal fluid specimen child acute lymphoblastic leukemia purpose study determine presence blast differential count cytocentrifuge cerebrospinal fluid csf leukocyte microliter predictive central nervous system cns relapse child acute lymphoblastic leukemia double concentrate method cytocentrifuge preparation analyze consecutive csf specimen child january september csf specimen evaluable child leukocyte microliter blast cytocentrifuge differential count low cell count speciman blast lcb study period evaluable child cns leukemic recurrence cns relapse precede abnormal low cell count csf speciman patient single lcb diagnosis subsequent cns relapse compare patient single lcb remission p child lcb remission cns relapse define standard criterion additional patient group declare cns relapse basis repetitive lcb diagnose cns recurrence early course base modification definition cns leukemia change frequency subsequent adverse event possible decreased intensity cns retreatment remain determine*** SEPARATION ***selective evaluation management coronary artery disease patient undergo repair abdominal aortic aneurysm year experience reduction cardiac mortality associate abdominal aortic aneurysm aaa repair remain important goal consecutive urgent elective operation infrarenal nonrupture aaa review patient divide group base preoperative cardiac status group n clinical electrocardiographic ecg evidence coronary artery disease cad group ii n clinical ecg evidence cad consider stable evaluation study dipyridamole thallium scanning echocardiography coronary arteriography group iii n clinical ecg evidence cad consider unstable evaluation group cardiac evaluation group ii underwent aaa repair invasive treatment cad group iii underwent repair cardiac disease n coincident n aaa repair instance perioperative fluid volume management base leave ventricular performance curve construct operation day operative mortality rate aaa repair patient n cardiac relate operative death group significantly group ii p total mortality group significantly different group death seven group ii death p datum support conclusion lead cause perioperative mortality aaa repair myocardial infarction correction severe unstable cad coincident aaa repair effective prevent operative mortality patient know cad investigate thoroughly identify likely develop perioperative myocardial ischemia cad correct aaa repair patient clinical ecg evidence cad rarely die perioperative myocardial infarction selective evaluation cad base clinical ground aaa patient justify*** SEPARATION ***effect acute hypermagnesemia threshold lidocaine induce seizure rat effect acute change plasma magnesium concentration threshold lidocaine induce seizure evaluate mechanically ventilate rat receive nitrous oxide oxygen experiment male rat intravenously administer sodium chloride group magnesium sulfate elevate plasma magnesium level group ii mg dl group iii experiment pregnant rat intravenously administer sodium chloride normomagnesemia magnesium sulfate result plasma magnesium concentration mg dl thirty minute later continuous intravenous infusion lidocaine mg kg minute begin experiment biparietal electroencephalographic activity monitor continuously onset electroencephalographic seizure activity arterial plasma magnesium lidocaine concentration measure group iii experiment brain parenchymal magnesium assay difference plasma lidocaine concentration experiment saline solution hypermagnesemic group onset seizure brain magnesium level unaltere magnesium sulfate infusion conclude acute administration magnesium sulfate alter brain magnesium level plasma lidocaine concentration associate onset electroencephalographic seizure*** SEPARATION ***association carotid artery stenosis carotid sinus hypersensitivity transitory cerebral ischaemic attack provoke carotid sinus reflex association internal carotid stenosis carotid sinus syndrome represent special clinical entity transitory cerebral ischaemic attack tia usually manifest activation carotid sinus reflex eighteen patient observe suffer carotid sinus hypersensitivity tia patient tia year unilateral internal carotid stenosis detect case patient bilateral carotid stenosis carotid sinus stimulation syncope appear tia provoke mean duration syncopic attack ms base sinus arrest case degree av block case patient carotid artery disobliteration perform patient pacemaker implantation necessary patient treat atropine medication development tia abolish patient patient remain totally symptom free*** SEPARATION ***effect metoclopramide ovarian responsiveness gonadotropin administration patient severe polycystic ovarian syndrome patient poor ovarian response menotropin pretreatment gonadotropin release hormone analog exhibit improve ovarian responsiveness metoclopramide add day cycle evidence high number lead follicle versus high mean maximal serum beta estradiol level versus pg ml short duration menotropin treatment versus day few ampule menotropin versus ampule cycle metoclopramide treat cycle compare control cycle respectively serum prolactin level reach maximum ng ml hour metoclopramide administration decline normal range hour result suggest intermittent increase prolactin secretion augment ovarian response gonadotropin*** SEPARATION ***persistent recurrent hyperparathyroidism assessment gadopentetate dimeglumine enhance mr imaging effect gadopentetate dimeglumine signal intensity abnormal parathyroid gland assess patient persistent recurrent hyperparathyroidism non contrast material enhance weighted spin echo image compare weight image obtain minute minute administration gadopentetate dimeglumine percentage contrast abnormal gland surround tissue determine use skeletal muscle subcutaneous fat thyroid gland reference tissue abnormal parathyroid gland show low intermediate signal intensity weight image high signal intensity weight image gadopentetate dimeglumine significantly increase signal intensity enhancement ratio abnormal parathyroid gland cause increase percentage contrast relative thyroid gland skeletal muscle weight image percentage contrast relative tissue great nonenhanced weight image gadopentetate dimeglumine substantially enhance signal intensity abnormal parathyroid gland improve differential contrast neighboring tissue weighted image improve contrast surround tissue achieve weight image*** SEPARATION ***gastric content retain rat stomach follow mild irritant exposure contribute adaptive cytoprotection fluid retain gastric luman immediately precede administration damaging product dilute product decrease injurious capacity attempt explain phenomenon adaptive cytoprotection study effect mild irritant exposure volume fluid retain gastric luman rat treat n hcl large volume gastric fluid retain compare animal treat n nacl additionally mixture gastric juice derive rat expose n hcl ml ethanol significantly damaging gastric mucosa similar mixture contain equal volume gastric juice derive n nacl expose rat conclude observation mild irritant expose stomach gastric juice main contributor protection ethanol injury*** SEPARATION ***local recurrence follow abdominoperineal excision anterior resection rectal carcinoma aim retrospective study compare outcome abdominoperineal excision ape anterior resection ar rectal cancer term local tumor recurrence comparison carry hand sew stapled anastomosis patient follow year ape ar staple follow variable potentially relate risk recurrence evaluate age grading staging site tumor overall year local recurrence rate percent ape percent ar observe percent follow staple hand sew suture respectively difference statistically significant similar local recurrence rate note ape ar patient match dukes stage grading lesion trend increase risk recurrence follow ar p show compare procedure mid upper rectal cancer group patient anastomotic leak ar increase local recurrence observe conclusion ar unlikely follow increase risk local recurrence oncologically indicate consider operation choice treatment rectal cancer possible risk overuse take account*** SEPARATION ***reoperation fail gastric bypass procedure obesity reoperation worthwhile obvious defect gastric reduction operation fail control weight reoperation occasionally necessary correct complication gastric bypass vertical band gastroplasty operation choice reoperation provide weight control eliminate problem bypass conversion horizontal vertical pouch safe require careful attention technique avoid injury organ area preservation blood supply stomach gastrogastrostomy old horizontal staple line vertical pouch construct way minimize risk obstruction vertical band gastroplasty operation use uihc treatment obesity primary operation reoperation bypass stomach duodenum necessary weight control add risk malabsorption duodenal stomal ulcer plus lifetime inaccessibility exclude area diagnostic therapeutic measure*** SEPARATION ***extraperitoneal endarterectomy iliofemoral occlusive disease patient iliofemoral occlusive disease treat autogenous anatomic reconstruction endarterectomy endarterectomy perform extra peritoneally eversion technique operative technique advantage disadvantage discuss patient postoperative complication acute anastomotic hemorrhage patient hematoma patient atelectasis patient patient discharge patient arterial reconstruction follow month year mean follow month vascular complication seventy limb risk period accumulative patency rate year year occlusion external iliac artery stenosis common femoral artery failure occur mainly external iliac artery appear limit factor continue patency endarterectomy death death attribute complication arteriosclerosis*** SEPARATION ***effect endotoxin burn injury lung liver lipid peroxidation catalase activity endotoxin burn produce oxidant induce tissue lipid peroxidation endotoxin response large hydrogen peroxide combination endotoxin burn result increase liver lung oxidant injury purpose determine burn oxidant injury inactivate endogenous liver tissue catalase amplify subsequent insult adult sheep study sheep tbs burn tissue catalase activity measure lung liver day postburn significantly decrease control respectively gram tissue addition endotoxin day postburn result increase liver malondialdehyde mda measure lipid peroxidation control nmol gram tissue value significantly great nmol gram tissue see endotoxin lung tissue mda burn endotoxin compare control nmol gram endotoxin conclude decrease liver catalase activity occur burn decrease correspond accentuate oxidant induce lipid peroxidation add endotoxin insult know etiologic agent catalase activity decrease postburn lung accentuated lung damage see indicate variable tissue response burn induce decrease antioxidant activity*** SEPARATION ***comparison dna content gastric cancer cell primary lesion lymph node metastasis cytophotomtric dna content tumor cell primary lesion corresponding metastatic lymph node compare case gastric cancer determine dna content remain stable lymph node metastasis dna distribution pattern group type accord proportion aneuploid cell population change dna pattern primary metastatic lesion evident patient remain dna distribution pattern note lesion dna pattern primary carcinoma transform narrowly scatter metastatic lesion lymph node mean modal value frequency cell tetraploid hexaploid significantly high primary lesion compare finding metastatic lesion reduction dna content metastatic lesion frequent occurrence differentiate undifferentiated adenocarcinoma p primary lesion widely scatter dna ploidy tumor cell small dna ploidy frequently metastasize lymph node particularly case differentiate carcinoma observation pertinent future designing treatment protocol*** SEPARATION ***collis gastroplasty origin evolution leigh collis publish innovative operation treat difficult problem irreducible hiatal hernia esophagitis stricture design operation base relatively primitive understanding hiatal hernia newly emerge concept reflux esophagitis variety antireflux operation different surgeon emerge year follow original collis gastroplasty subsequently modify addition partial complete fundoplication procedure place modify collis gastroplasty fundoplication operation today approach problem hiatal hernia gastroesophageal reflux disease remain unsettled*** SEPARATION ***regeneration myocardial phosphocreatine pig despite continue moderate ischemia effect hour mild moderate reduction coronary blood flow myocardial high energy phosphate level evaluate thirty anesthetized pig instrument left anterior descend arterial venous catheter crystal instantaneous wall thickness fluid fill occluder measurement myocardial blood flow perform microsphere series myocardial biopsy perform pig overall coronary blood flow lower fall subendocardial subepicardial flow ratio wall thickening subendocardial flow fall coronary blood flow thickening constant hour ischemia phosphocreatine mumol g wet wt subendocardial ischemic zone fall minute ischemia p versus control return normal minute p ns despite ongoing ischemia subendocardial atp mumol g wet wt fall slowly level minute ischemia p versus control similar regeneration phosphocreatine find seven additional pig transmural reduction coronary blood flow reduction subendocardial flow significant change atp phosphocreatine note different control group n pig regeneration phosphocreatine despite ongoing ischemia low atp level relate change myocardial oxygen demand consumption regional function period ischemia reflect successful downregulation energy need ischemic myocardium maintain cell viability metabolic abnormality ability cell produce atp primarily use phosphocreatine*** SEPARATION ***long term result atrial correction complete transposition great artery study present late result consecutive patient survive atrial repair transposition great artery tga january december group mean follow year range year actuarial survival rate year confidence limit simple tga confidence limit complex tga death sudden late survivor operate simple tga new york heart association functional class iii iv versus survivor complex tga patient well assess long term result report finding randomly obtain electrocardiogram holter monitor recording radionuclide angiographic study cardiac catheterization perform large group long term survivor atrial repair operate ospedale riuniti di bergamo january december group include group finding confirm arterial switch repair procedure choice complex tga major incidence approximately systemic right ventricular dysfunction rhythm disturbance atrial repair hand late survival rate year simple tga patient functional class result keep mind especially institution arterial switch relatively new approach presumably high risk cause early death","Other topic keywords: tamoxifen mouse month tumorigenesis tumor treatment stress progesterone free mammary
Other topic keywords: renal stenosis captopril ecmo artery patient valve change presence cell
Other topic keywords: contrast cardiac catheter tamponade subclavian hemothorax contralateral patient develop complication
Other topic keywords: injury case associate patient fb infant clinical distal premature ventilate
Other topic keywords: liver cns strain tumor c child ha ras finding woman
Other topic keywords: patient coronary artery group therapy thrombosis arterial receive repair complication
Other topic keywords: hpv concentration magnesium group cell artery halothane epinephrine plasma human
Other topic keywords: patient syndrome beta carotid mutation thalassemia case bowel normal level
Other topic keywords: patient level increase pulmonary beta plasma stethoscope noradrenaline p control
Other topic keywords: gland patient disease year tissue image adrenal factor nerve growth
Other topic keywords: death cardiac group aneurysm lv sudden patient n y gastric
Other topic keywords: patient pressure follow recurrence intraocular increase hypertension cholecystostomy diagnosis ar
Other topic keywords: patient group epirubicin fec beta mr mg intramural hematoma well
Other topic keywords: patient gaba level exclusion encephalopathy endarterectomy syndrome artery fistula ileostomy
Other topic keywords: tissue liver cell endotoxin burn decrease heparin result lung leukemia
Other topic keywords: patient disease leukemia lesion dna hand liver stain type positive
Other topic keywords: reentrant av tachycardia infusion junctional patient circuit pathway subcutaneous pain
Other topic keywords: patient fluid cerebrospinal mitral flow fistulae ischemia trachomatis muscle phosphocreatine
Other topic keywords: patient child tga year artery stroke well result clinical arterial"
"MATAVE","0.5376869944794932","0.8833333333333333","0.9533333333333334","2.5306880474090576","dementiaAudio","dementia cookie theft picture description","boy take cooky give girl look like put mouth mother water run outof sink go floor dry dish curtain guess maybe look like duck mop duck head sloppy housekeeper bet sloppy foot air copyright nineteen seventy leea*** SEPARATION ***okay wash dish sink run boy fall stool get cooky girl reach cookie girl tell quiet mhm*** SEPARATION ***action alright lady dry dish boy stand stool action stool slip fall girl hand raise reach cookie alotof action sink water flow apparently daydream realize sink overflow action action*** SEPARATION ***girl boy stool cooky cookie jar open closet curtain oh little boy reach cooky stool fall laugh think wait cookie mother dry dish water spilling coffee cup saucer plate let view outside tree shrub plate wipe tea towel*** SEPARATION ***girl laugh brother go cookie jar fall cookie jar mother mother sink water splash sink sortof little bit bitchy water going flooding sink saucer plate couple dish mother look window know hell think girl laugh brother take cooky outof cookie jar ready fall stool stool crooked hell plate saucer cup look window window open pay attention kid water flooding sink want","Other topic keywords: pull throw presume big dirty dinner pantry chair running heel
Other topic keywords: touch have mad father flood plug ohmygosh bench mommy leak
Other topic keywords: mess kind cascade ofcourse far neck splashing shoe fly motion
Other topic keywords: lawn accept blowing suspect attentive backyard imagine poor shrubbery beg
Other topic keywords: mess dirty kind cascade ofcourse far breakfast duck sloppy mean"
"LDA","0.43750532997823305","0.7","0.6333333333333333","0.26127123832702637","dementiaAudio","dementia cookie theft picture description","boy cookie jar girl girl woman dry dish water leak floor spill floor boy get cooky outof jar stool fall go to fall water spilling woman dry dish*** SEPARATION ***want picture stool fall mother sink overrun take cooky*** SEPARATION ***action action oppose state yeah action alright alright girl hold finger face kind thing alright reach hand cookie brother cookie near hand right hand reach cookie jar stool fall xxx alright woman wipe dish hold plate hand dry water spilling outof sink water run outof faucet fill sink look maybe breeze blow curtain yes breeze blow curtain woman smile smile look xxx xxx person water splash okay","Other topic keywords: water go stool boy jar dish fall floor cooky outof
Other topic keywords: cookie dish sink stool water boy jar mother window dry
Other topic keywords: hand cookie action xxx sink foot stool water alright reach"
"MATAVE","0.43372341261871644","0.84","0.9644444444444444","2.7319839000701904","syntheticCareHomeNurseNotes","nursing home resident","ethan enjoy morning stroll garden later attend group art therapy session mention have trouble sleep pain*** SEPARATION ***brown family member observe increase apathy confusion raise concern mental quality life*** SEPARATION ***kelly request assistance toilet morning able walk help walker show sign discomfort*** SEPARATION ***mia report pain family meeting mia wife care plan place date skin integrity intact regular turn place pain relief prescribe need*** SEPARATION ***resident c display sign agitation restlessness additional support palliative care team arrange address issue*** SEPARATION ***joyce suffer nausea today need medication ease discomfort staff ensure comfortable monitor change*** SEPARATION ***white fall incident attempt transfer wheelchair","Other topic keywords: enjoy olivia visit engage john conversation grandchild attend session chat
Other topic keywords: night restlessness disturbance wandering agitation sleep thomas subject mood davis
Other topic keywords: chronic persistent management relief ongoing fall dental prosthesis incident abdominal
Other topic keywords: pressure ulcer skin wound breakdown end proper dara turning discuss
Other topic keywords: tightness chest apathetic decrease johnson oxygen breath respiratory confusion encouragement
Other topic keywords: swallow nausea consult speech diet modify food difficulty language swallowing
Other topic keywords: fall incident aid risk attempt transfer wheelchair robinson white injury"
"LDA","0.5194755295710672","0.6736842105263158","0.9339181286549707","0.11176300048828125","syntheticCareHomeNurseNotes","nursing home resident","john visit family afternoon pleased engage conversation look forward visit*** SEPARATION ***harper express desire chat fellow resident engage lively conversation share interest feel sense camaraderie connection interaction*** SEPARATION ***resident c complain chronic pain morning request extra support therapy*** SEPARATION ***williams experience fall incident morning fall risk assessment conduct preventive measure place*** SEPARATION ***resident g experience worsen pressure ulcer necessitate frequent wound care attention*** SEPARATION ***maria complain severe pain unable find relief regular medication gp inform review*** SEPARATION ***ethan fall incident afternoon check injury monitor closely sign discomfort*** SEPARATION ***resident w show sign agitation restlessness morning calm walk garden help improve mood engage group discussion share insightful thought peer*** SEPARATION ***evelyn request extra pillow comfort bed night sleep peacefully wake feel rest morning*** SEPARATION ***kim prescribe medication chronic pain management*** SEPARATION ***chen find pressure sore heel worsen recent day necessitate intensive wound care intervention*** SEPARATION ***resident good night sleep disturbance*** SEPARATION ***davis find wander restlessly night assessment agitation possible intervention need*** SEPARATION ***jones complain pain today provide pain relief medication care plan monitor worsen symptom*** SEPARATION ***patel note difficulty swallow require modify texture diet speech therapy consult evaluation*** SEPARATION ***garcia require assistance eating observe choke food nurse modify diet inform palliative care team review swallow difficulty*** SEPARATION ***smith family meeting today discuss end life care plan currently pain free receive regular turning prevent skin breakdown skin integrity intact*** SEPARATION ***johnson complain feel breathless tired day encourage rest closely monitor healthcare team*** SEPARATION ***peter observe sit window look garden distant expression nurse provide blanket warm drink help feel comfortable","Other topic keywords: engage visit afternoon rest appear family john brush bring tooth
Other topic keywords: pain resident initiate complain management team wheelchair consultation intervention h
Other topic keywords: resident care palliative request team c agitation support additional sign
Other topic keywords: restlessness night fall sign conduct experience increase bed aid incident
Other topic keywords: care need resident pain palliative dara require discomfort worsen experience
Other topic keywords: review confusion regular status cognitive increase samantha mental possible disorientation
Other topic keywords: experience sign assessment discomfort fall incident therapist swallow symptom swallowing
Other topic keywords: feel help resident talk medication soup weekend light sandwich take
Other topic keywords: rest morning evelyn bed comfort wake night extra request pillow
Other topic keywords: olivia increase medication pain receive include care sip album breakfast
Other topic keywords: care sign behavioral change staff today support agitation update family
Other topic keywords: sleep support provide sign disturbance resident night enjoy robert cognitive
Other topic keywords: assessment davis agitation night palliative y inform nurse inflammation skin
Other topic keywords: pain complain worsen care johnson strategy prevention emphasize ulcer express
Other topic keywords: medication nausea discomfort meal need consult help experience give present
Other topic keywords: require day experience assistance resident staff comfort food nursing encourage
Other topic keywords: skin care plan pain intact family integrity regular place meeting
Other topic keywords: social engagement activity worker visit depression display withdrawal improve family
Other topic keywords: feel comfortable window peter provide observe garden help nurse look"
"MATAVE","0.31884539375807736","0.98","0.99","3.193023920059204","clinicalDialogueSummarizations","clinical note","patient present office today mom checkup live city college city get addict drug decide good idea away bad crowd come live mom history heroin inject vein see physician city prescribe methadone time say help mg methadone month try wean methadone couple different time fail intermittently heroin say big problem live household drug user away change live mom time heroin seven day ago methadone week come today specifically request methadone admit depress sad lot energy enthusiasm deny suicidal homicidal ideation present time question symptom bipolar disorder symptom past medical history significant medical problem surgical history voluntarily donate left kidney family social history review nursing note allergy know drug allergy medication take medication regularly*** SEPARATION ***o rhf diagnose parkinson disease local physician year prior diagnosis patient experience staggering gait fall episode lightheadedness notice slowly lose voice handwriting small small month prior diagnosis begin experience bradykinesia deny tremor note improvement sinemet start time presentation continue problem coordination staggering gait feel weak morning bad day progress deny fever chill nausea vomiting ha change vision seizure stroke like event problem upper extremity coordination*** SEPARATION ***year old male sustain laceration glass describe numbness tingle right ring finger","Other topic keywords: tobacco illicit drink nonsmoker alcohol abuse drug occasionally marry live
Other topic keywords: negative feel experience morning kyphosis bladder headache seizure small anxiety
Other topic keywords: antibiotic sibling uris abscess area pubic recurrent thigh management osteomyelitis"
"LDA","0.6056409431049183","0.7230769230769231","0.882051282051282","0.09247493743896484","clinicalDialogueSummarizations","clinical note","year old male sustain laceration glass describe numbness tingle right ring finger*** SEPARATION ***menstrual period patient admit have recent abortion sure abortion complete followup ob gyn*** SEPARATION ***sibling antibiotic ear infection uris*** SEPARATION ***basically unchanged father die mi mother die stroke brother healthy*** SEPARATION ***patient year old black male come office today main complaint sexual dysfunction patient report like try cialis improve erectile performance patient state quiz line cialis web site score normal range think come patient state desire slightly decrease primary problem discuss directly patient primarily express like erection long look quiz fill report half time able erection sexual activity half time able maintain erection penetration report slightly difficult maintain erection completion intercourse patient significant past medical history previous testicular infection deny history injury groin tell hernia*** SEPARATION ***live boyfriend patient history tobacco abuse multiple illicit drug abuse*** SEPARATION ***questionable need antibiotic therapy possible low extremity cellulitis*** SEPARATION ***patient year old girl present november acute chronic right slip capital femoral epiphysis undergo situ pin patient followup note intraarticular protrusion screw note intraoperatively previous fluoroscopic view give finding explain father especially mother cause joint damage screw need exchange short risk benefit surgery discuss risk surgery include risk anesthesia infection bleeding change sensation motion extremity failure remove screw possible continued joint stiffness damage question answer parent agree plan*** SEPARATION ***occasionally drink nonsmoker patient participate homosexual activity haiti describe active deny intravenous drug use patient currently employ*** SEPARATION ***foreign body left fifth fingernail wooden splinter*** SEPARATION ***patient report pain issue time patient state primary concern left sided weakness relate balance walk left arm weakness*** SEPARATION ***tobacco alcohol illicit drug use patient bear raise oklahoma know exposure marry child*** SEPARATION ***patient return followup consultation tolerate lamictal recurrence myoclonic jerking generalize seizure concerned occur myoclonus morning recent eeg polyspike slow wave complex bilaterally prominent left state compliant medication get good sleep continue drive social history review system discuss document chart","Other topic keywords: alcohol drink use drug year live deny occasionally nonsmoker work
Other topic keywords: patient procedure cervical halo abortion vest feel mg go undergo
Other topic keywords: abuse ear infection hand past etoh yr retired dock antibiotic
Other topic keywords: age die patient year brother day problem ago left week
Other topic keywords: patient year pain old time history deny female erection today
Other topic keywords: abuse illicit tobacco patient multiple history drug possible boyfriend live
Other topic keywords: history patient year old mom home right live recent lymph
Other topic keywords: risk patient surgery fracture hardware failure include parent right year
Other topic keywords: patient history time methadone drug live deny problem kyphosis heroin
Other topic keywords: time feel experience walk report bladder respect state left medication
Other topic keywords: pain patient negative prior neck activity relate emergency symptom room
Other topic keywords: left exam year radial apparently distal humerus severe patient atrial
Other topic keywords: medication discuss continue patient day plan discharge tuesday stay friend"
"MATAVE","0.42134505891780305","0.6588235294117647","0.9433823529411764","2.884855031967163","simSUM","compact clinical note","history pt c o productive cough day mucus describe thick yellowish bad report nasal congestion rhinorrhea fever resp pain smoker acknowledge smoking contrib physical examination vs wnl chest exam ctab wheeze crackle np exam mucosal swelling d c note significant lad oropharyngeal erythema throat unremarkable pnd pulm effort non labored adequate air entry b*** SEPARATION ***history pt present c o scrap resp pain locate trachea past day bad deep breath deny dyspnea pain impact daily activity incl talk mild exertion hx similar sx allergy recent uri current med daily mv recent travel exposure irritant physical examination vs bp hr t f ra pt mild discomfort nad oropharynx erythema lesion swell neck supple lad resp lung cta bilat wheeze rhonchi crackle heart rrr m g palpation trachea tender visible swelling deformity skin nl turgor lesion*** SEPARATION ***history pt report dizziness lightheadedness day get quickly assoc mild nausea emesis high work stress irregular eat pattern hydration inconsistent syncope physical examination vs bp mmhg hr bpm rr min temp f pt alert distress skin warm dry cvs heart sound normal murmur lung clear auscultation neuro normal gait coordination focal deficit*** SEPARATION ***history pt present ongoing fatigue occasional mild fatigue note day bad eve improve rest tie specific trigger somewhat relieve otc analgesic pt deny increase stress exercise regularly maintain balanced diet hrs sleep night recent etoh drug use physical examination vs wnl bp mmhg hr bpm rr min t c heent neck supple cervical lad sinus tenderness cardiopulmonary heart sound nl murmur lung clear msk joint swelling tenderness deformity rom neuro focal deficit nl coordination strength*** SEPARATION ***history pt c o severe dyspnea worsen past week nasal sx fever deny cough hx asthma current inhaler regiman insufficient inhaler multiple time day relief activity limit sob recent resp inf similar exacerbation physical examination vital ekg show increase rr pulse ox ra ausc diffuse b l wheezing expiration decrease breath sound low lung field cv abnormality peripheral edema abd soft non tender organomegaly*** SEPARATION ***history pt present high fever x day tmax f report fatigue weakness decrease daily activity lethargy dyspnea cough poor appetite stay hydrated physical examination pt visibly fatigue flushed vital t f hr bpm bp mmhg rr rash cervical lymphadenopathy abdominal tenderness distension cv resp exam wnl*** SEPARATION ***history pt c o nasal congestion rhinorrhea x day worsen deny fever chill facial pain pressure clear watery nasal discharge sleep disturb nasal blockage humidifier relief recent similar episode physical examination vs stable afebrile nasal mucosa erythematous swollen clear discharge post oropharyngeal erythema exudate lung cta bilat norm resp effort cervical lymphadenopathy*** SEPARATION ***history pt c o acute onset rlq abd pain x day describe pain sharp stab bad movement well lie fever dyspnea cp sneeze block nose cough recent diet change bowel habit change travel physical examination vs stable abd soft tender guard rlq rebound organomegaly bowel sound nl cv resp exam wnl peripheral edema","Other topic keywords: congestion tonsillar tracheal nasal mucus affect ppd throat cold productive
Other topic keywords: active deep inhalation condition chronic anterior nml trachea limitation phy
Other topic keywords: ii xii stand cn head vertigo quickly visual orthostatic dizziness
Other topic keywords: weakness knee joint lifting lumbar eod emotional notice maintain msk
Other topic keywords: inhaler expiration asthma bilateral field accessory spirometry reveal baseline overall
Other topic keywords: forearm itching infxn lll detergent soap scratch leg rash sweating
Other topic keywords: swollen rhinorrhea antihistamine nasal congestion discharge mucosa decongestant erythematous include
Other topic keywords: rebound diarrhea guarding gi bowel rlq bloat dehydration meal constipation"
"LDA","0.4766821110394851","0.76","0.84","0.2941250801086426","simSUM","compact clinical note","history pt present persistent ur symptom c o productive cough clear white sputum nasal congestion report rhinorrhea sneeze disrupt sleep symptom deny respiratory pain fever chill sx ongoing day significant recent travel known exposure physical examination vs wnl afebrile nasal mucosa inflame moderate clear discharge slight pharyngeal erythema exudate swelling lung normal breath sound crackle wheeze resp pattern unlabore regular distress note*** SEPARATION ***history pt present routine check deny fever dyspnea chest pain sneeze block nose cough report hx smoking reduce frequency recently respiratory issue generally feel seek advice health mgmt physical examination vs bp mmhg hr bpm rr ra cv resp exam clear lung normal heart sound murmur lymphadenopathy urti sign absent abd soft normoactive bs non tender skin healthy lesion*** SEPARATION ***history pt report persistent fatigue weakness x wk state adequate sleep feel exhausted day appetite good maintain activity lvl find challenging fever dyspnea cp sneezing block nose deny recent infection significant weight change night sweat physical examination vs wnl appear nourish alert heent neg cardiac pulmonary gi exam nl neuro exam wnl nl motor strength reflex throat neck exam lymphadenopathy thyroid enlargement*** SEPARATION ***history pt report sporadic vertigo episode past month generally min esp w sudden head movement hx ear infection trauma associated hearing loss tinnitus syncope good ear health checkup systemic sx fhx non contributory ent balance issue med physical examination bp mmhg hr bpm reg ear tm intact nl appearance neuro cns intact romberg negative cv rrr murmurs dix hallpike mild vertigo elicit gait steady ataxia","Other topic keywords: pt nasal physical history examination cough clear pain lung resp
Other topic keywords: pt history examination physical pain exam cough wnl c nasal
Other topic keywords: pt physical exam examination history normal recent report vs mild
Other topic keywords: ear intact vertigo ataxia steady tinnitus gait ent nml generally"
